Référence commande,Date de la commande,Statut de la commande,Nom participant,Prénom participant,Nom payeur,Prénom payeur,Email payeur,Moyen de paiement,Tarif,Montant tarif
191584750,10/09/2026 15:06,Validé,Auriol,Vincent,Auriol,Vincent,vincent.auriol@example.com,Carte bancaire,PRIX UNIQUE DU TICKET,5
191584751,10/09/2026 15:06,Validé,Auriol,Vincent,Auriol,Vincent,vincent.auriol@example.com,Carte bancaire,PRIX UNIQUE DU TICKET,5
191584752,10/09/2026 15:06,Validé,Auriol,Vincent,Auriol,Vincent,vincent.auriol@example.com,Carte bancaire,PRIX UNIQUE DU TICKET,5
191584753,10/09/2026 15:06,Validé,Coty,René,Coty,René,ren.coty@example.com,Carte bancaire,PRIX UNIQUE DU TICKET,5
191584754,10/09/2026 15:06,Validé,de Gaulle,Charles,de Gaulle,Charles,charles.degaulle@example.com,Carte bancaire,PRIX UNIQUE DU TICKET,5
191584755,10/09/2026 15:06,Validé,de Gaulle,Charles,de Gaulle,Charles,charles.degaulle@example.com,Carte bancaire,PRIX UNIQUE DU TICKET,5
191584756,10/09/2026 15:06,Validé,Pompidou,Georges,Pompidou,Georges,georges.pompidou@example.com,Carte bancaire,PRIX UNIQUE DU TICKET,5
191584757,10/09/2026 15:06,Validé,Giscard d Estaing,Valéry,Giscard d Estaing,Valéry,valry.giscarddestaing@example.com,Carte bancaire,PRIX UNIQUE DU TICKET,5
191584758,10/09/2026 15:06,Validé,Mitterrand,François,Mitterrand,François,franois.mitterrand@example.com,Carte bancaire,PRIX UNIQUE DU TICKET,5
191584759,10/09/2026 15:06,Validé,Mitterrand,François,Mitterrand,François,franois.mitterrand@example.com,Carte bancaire,PRIX UNIQUE DU TICKET,5
191584760,10/09/2026 15:06,Validé,Mitterrand,François,Mitterrand,François,franois.mitterrand@example.com,Carte bancaire,PRIX UNIQUE DU TICKET,5
191584761,10/09/2026 15:06,Validé,Mitterrand,François,Mitterrand,François,franois.mitterrand@example.com,Carte bancaire,PRIX UNIQUE DU TICKET,5
191584762,10/09/2026 15:06,Validé,Mitterrand,François,Mitterrand,François,franois.mitterrand@example.com,Carte bancaire,PRIX UNIQUE DU TICKET,5
191584763,10/09/2026 15:06,Validé,Chirac,Jacques,Chirac,Jacques,jacques.chirac@example.com,Carte bancaire,PRIX UNIQUE DU TICKET,5
191584764,10/09/2026 15:06,Validé,Chirac,Jacques,Chirac,Jacques,jacques.chirac@example.com,Carte bancaire,PRIX UNIQUE DU TICKET,5
191584765,10/09/2026 15:06,Validé,Sarkozy,Nicolas,Sarkozy,Nicolas,nicolas.sarkozy@example.com,Carte bancaire,PRIX UNIQUE DU TICKET,5
191584766,10/09/2026 15:06,Validé,Hollande,François,Hollande,François,franois.hollande@example.com,Carte bancaire,PRIX UNIQUE DU TICKET,5
191584767,10/09/2026 15:06,Validé,Macron,Emmanuel,Macron,Emmanuel,emmanuel.macron@example.com,Carte bancaire,PRIX UNIQUE DU TICKET,5
191584768,10/09/2026 15:06,Validé,Macron,Emmanuel,Macron,Emmanuel,emmanuel.macron@example.com,Carte bancaire,PRIX UNIQUE DU TICKET,5
191584769,10/09/2026 15:06,Validé,Macron,Emmanuel,Macron,Emmanuel,emmanuel.macron@example.com,Carte bancaire,PRIX UNIQUE DU TICKET,5
191584770,10/09/2026 15:06,Validé,Macron,Emmanuel,Macron,Emmanuel,emmanuel.macron@example.com,Carte bancaire,PRIX UNIQUE DU TICKET,5
191584771,10/09/2026 15:06,Validé,Doumer,Paul,Doumer,Paul,paul.doumer@example.com,Carte bancaire,PRIX UNIQUE DU TICKET,5
191584772,10/09/2026 15:06,Validé,Lebrun,Albert,Lebrun,Albert,albert.lebrun@example.com,Carte bancaire,PRIX UNIQUE DU TICKET,5
191584773,10/09/2026 15:06,Validé,Lebrun,Albert,Lebrun,Albert,albert.lebrun@example.com,Carte bancaire,PRIX UNIQUE DU TICKET,5
191584774,10/09/2026 15:06,Validé,Poincaré,Raymond,Poincaré,Raymond,raymond.poincar@example.com,Carte bancaire,PRIX UNIQUE DU TICKET,5
191584775,10/09/2026 15:06,Validé,Fallières,Armand,Fallières,Armand,armand.fallires@example.com,Carte bancaire,PRIX UNIQUE DU TICKET,5
191584776,10/09/2026 15:06,Validé,Loubet,Émile,Loubet,Émile,mile.loubet@example.com,Carte bancaire,PRIX UNIQUE DU TICKET,5
191584777,10/09/2026 15:06,Validé,Loubet,Émile,Loubet,Émile,mile.loubet@example.com,Carte bancaire,PRIX UNIQUE DU TICKET,5
191584778,10/09/2026 15:06,Validé,Loubet,Émile,Loubet,Émile,mile.loubet@example.com,Carte bancaire,PRIX UNIQUE DU TICKET,5
191584779,10/09/2026 15:06,Validé,Faure,Félix,Faure,Félix,flix.faure@example.com,Carte bancaire,PRIX UNIQUE DU TICKET,5
191584780,10/09/2026 15:06,Validé,Casimir-Perier,Jean,Casimir-Perier,Jean,jean.casimirperier@example.com,Carte bancaire,PRIX UNIQUE DU TICKET,5
191584781,10/09/2026 15:06,Validé,Carnot,Sadi,Carnot,Sadi,sadi.carnot@example.com,Carte bancaire,PRIX UNIQUE DU TICKET,5
191584782,10/09/2026 15:06,Validé,Millerand,Alexandre,Millerand,Alexandre,alexandre.millerand@example.com,Carte bancaire,PRIX UNIQUE DU TICKET,5
191584783,10/09/2026 15:06,Validé,Millerand,Alexandre,Millerand,Alexandre,alexandre.millerand@example.com,Carte bancaire,PRIX UNIQUE DU TICKET,5
191584784,10/09/2026 15:06,Validé,Doumergue,Gaston,Doumergue,Gaston,gaston.doumergue@example.com,Carte bancaire,PRIX UNIQUE DU TICKET,5
191584785,10/09/2026 15:06,Validé,Le Lay,Lénaïse,Le Lay,Lénaïse,lnase.lelay@example.com,Carte bancaire,PRIX UNIQUE DU TICKET,5
191584786,10/09/2026 15:06,Validé,Donval,Laëtitia,Donval,Laëtitia,latitia.donval@example.com,Carte bancaire,PRIX UNIQUE DU TICKET,5
191584787,10/09/2026 15:06,Validé,Donval,Laëtitia,Donval,Laëtitia,latitia.donval@example.com,Carte bancaire,PRIX UNIQUE DU TICKET,5
191584788,10/09/2026 15:06,Validé,Bouard,Agnès,Bouard,Agnès,agns.bouard@example.com,Carte bancaire,PRIX UNIQUE DU TICKET,5
191584789,10/09/2026 15:06,Validé,Pensec,Philippe,Pensec,Philippe,philippe.pensec@example.com,Carte bancaire,PRIX UNIQUE DU TICKET,5